{
  "_version": 4,
  "oi_history": {
    "BTCUSDT": [
      {
        "ts": 1782067057,
        "oi": 1917756724.8672001
      }
    ],
    "ETHUSDT": [
      {
        "ts": 1782067057,
        "oi": 1400915865.059841
      }
    ],
    "HYPEUSDT": [
      {
        "ts": 1782067057,
        "oi": 1392584135.7059197
      }
    ],
    "ZECUSDT": [
      {
        "ts": 1782067057,
        "oi": 192224849.56840003
      }
    ],
    "NEARUSDT": [
      {
        "ts": 1782067057,
        "oi": 84948655.64928003
      }
    ],
    "ONDOUSDT": [
      {
        "ts": 1782067057,
        "oi": 9170976.61656
      }
    ],
    "SUIUSDT": [
      {
        "ts": 1782067057,
        "oi": 30732583.814590003
      }
    ],
    "PENGUUSDT": [
      {
        "ts": 1782067057,
        "oi": 3679210.59162
      }
    ],
    "BNBUSDT": [
      {
        "ts": 1782067057,
        "oi": 24311784.773920003
      }
    ],
    "SOLUSDT": [
      {
        "ts": 1782067057,
        "oi": 396815410.7412001
      }
    ],
    "TRXUSDT": [
      {
        "ts": 1782067057,
        "oi": 15472478.974679999
      }
    ],
    "BCHUSDT": [
      {
        "ts": 1782067057,
        "oi": 9165166.963200001
      }
    ],
    "DOGEUSDT": [
      {
        "ts": 1782067057,
        "oi": 21826394.610735998
      }
    ],
    "ADAUSDT": [
      {
        "ts": 1782067057,
        "oi": 22877867.7252
      }
    ],
    "DOTUSDT": [
      {
        "ts": 1782067057,
        "oi": 3950767.7832480003
      }
    ],
    "TAOUSDT": [
      {
        "ts": 1782067057,
        "oi": 25466902.1928
      }
    ],
    "AVAXUSDT": [
      {
        "ts": 1782067057,
        "oi": 22187994.2064
      }
    ],
    "LINKUSDT": [
      {
        "ts": 1782067057,
        "oi": 32584209.93
      }
    ],
    "AAVEUSDT": [
      {
        "ts": 1782067057,
        "oi": 50580903.19332
      }
    ],
    "XRPUSDT": [
      {
        "ts": 1782067057,
        "oi": 84338395.90640001
      }
    ],
    "XLMUSDT": [
      {
        "ts": 1782067057,
        "oi": 9555412.07712
      }
    ],
    "UNIUSDT": [
      {
        "ts": 1782067057,
        "oi": 11582164.709639998
      }
    ],
    "LTCUSDT": [
      {
        "ts": 1782067057,
        "oi": 21445215.072079998
      }
    ],
    "APTUSDT": [
      {
        "ts": 1782067057,
        "oi": 4771086.888688
      }
    ],
    "PENDLEUSDT": [
      {
        "ts": 1782067057,
        "oi": 7223033.6832
      }
    ]
  },
  "signal_history": [],
  "macro_calendar_cache": {},
  "post_loss_cooldown": {},
  "atr_history": {
    "BTCUSDT": [
      {
        "ts": 1782067057,
        "atr_pct": 0.18102337265052984
      }
    ],
    "ETHUSDT": [
      {
        "ts": 1782067057,
        "atr_pct": 0.20464221840098745
      }
    ],
    "HYPEUSDT": [
      {
        "ts": 1782067057,
        "atr_pct": 0.5488045102306671
      }
    ],
    "ZECUSDT": [
      {
        "ts": 1782067057,
        "atr_pct": 0.5774944065202817
      }
    ],
    "ONDOUSDT": [
      {
        "ts": 1782067057,
        "atr_pct": 0.4431002123459673
      }
    ],
    "SUIUSDT": [
      {
        "ts": 1782067057,
        "atr_pct": 0.3468932306095582
      }
    ],
    "NEARUSDT": [
      {
        "ts": 1782067057,
        "atr_pct": 0.7283748226370373
      }
    ],
    "BNBUSDT": [
      {
        "ts": 1782067057,
        "atr_pct": 0.1828788701016276
      }
    ],
    "SOLUSDT": [
      {
        "ts": 1782067057,
        "atr_pct": 0.43011892421424125
      }
    ],
    "PENGUUSDT": [
      {
        "ts": 1782067057,
        "atr_pct": 0.4293165730880833
      }
    ],
    "TRXUSDT": [
      {
        "ts": 1782067057,
        "atr_pct": 0.07268167362629077
      }
    ],
    "BCHUSDT": [
      {
        "ts": 1782067057,
        "atr_pct": 0.31549627121253043
      }
    ],
    "DOGEUSDT": [
      {
        "ts": 1782067057,
        "atr_pct": 0.2102135199287775
      }
    ],
    "ADAUSDT": [
      {
        "ts": 1782067057,
        "atr_pct": 0.31808978659655307
      }
    ],
    "DOTUSDT": [
      {
        "ts": 1782067057,
        "atr_pct": 0.3105393368857701
      }
    ],
    "TAOUSDT": [
      {
        "ts": 1782067057,
        "atr_pct": 0.5284192153816677
      }
    ],
    "AVAXUSDT": [
      {
        "ts": 1782067057,
        "atr_pct": 0.45070402077905525
      }
    ],
    "LINKUSDT": [
      {
        "ts": 1782067057,
        "atr_pct": 0.27012749500291483
      }
    ],
    "AAVEUSDT": [
      {
        "ts": 1782067057,
        "atr_pct": 0.41112757431590163
      }
    ],
    "XLMUSDT": [
      {
        "ts": 1782067057,
        "atr_pct": 0.5455661549836949
      }
    ],
    "XRPUSDT": [
      {
        "ts": 1782067057,
        "atr_pct": 0.23964790510068748
      }
    ],
    "UNIUSDT": [
      {
        "ts": 1782067057,
        "atr_pct": 0.6201796960392952
      }
    ],
    "APTUSDT": [
      {
        "ts": 1782067057,
        "atr_pct": 0.4288325238122741
      }
    ],
    "LTCUSDT": [
      {
        "ts": 1782067057,
        "atr_pct": 0.336397718512999
      }
    ],
    "PENDLEUSDT": [
      {
        "ts": 1782067057,
        "atr_pct": 0.5569820207507183
      }
    ]
  },
  "funding_history": {
    "BTCUSDT": [
      {
        "ts": 1782067039,
        "rate": -3.9092e-06
      }
    ],
    "ETHUSDT": [
      {
        "ts": 1782067039,
        "rate": -3.395e-06
      }
    ],
    "HYPEUSDT": [
      {
        "ts": 1782067040,
        "rate": -2.8593e-06
      }
    ],
    "ZECUSDT": [
      {
        "ts": 1782067041,
        "rate": -5.9281e-06
      }
    ],
    "NEARUSDT": [
      {
        "ts": 1782067042,
        "rate": 1.25e-05
      }
    ],
    "ONDOUSDT": [
      {
        "ts": 1782067042,
        "rate": 1.25e-05
      }
    ],
    "SUIUSDT": [
      {
        "ts": 1782067043,
        "rate": -1.44707e-05
      }
    ],
    "PENGUUSDT": [
      {
        "ts": 1782067044,
        "rate": 1.25e-05
      }
    ],
    "BNBUSDT": [
      {
        "ts": 1782067044,
        "rate": 1.25e-05
      }
    ],
    "SOLUSDT": [
      {
        "ts": 1782067046,
        "rate": 1.25e-05
      }
    ],
    "TRXUSDT": [
      {
        "ts": 1782067046,
        "rate": 1.02135e-05
      }
    ],
    "BCHUSDT": [
      {
        "ts": 1782067047,
        "rate": -6.4451e-06
      }
    ],
    "DOGEUSDT": [
      {
        "ts": 1782067048,
        "rate": -1.0068e-06
      }
    ],
    "ADAUSDT": [
      {
        "ts": 1782067049,
        "rate": -4.29362e-05
      }
    ],
    "DOTUSDT": [
      {
        "ts": 1782067050,
        "rate": -1.43961e-05
      }
    ],
    "TAOUSDT": [
      {
        "ts": 1782067050,
        "rate": 1.25e-05
      }
    ],
    "AVAXUSDT": [
      {
        "ts": 1782067051,
        "rate": -1.16276e-05
      }
    ],
    "LINKUSDT": [
      {
        "ts": 1782067052,
        "rate": 1.25e-05
      }
    ],
    "AAVEUSDT": [
      {
        "ts": 1782067053,
        "rate": 1.0925e-06
      }
    ],
    "XRPUSDT": [
      {
        "ts": 1782067054,
        "rate": -1.3277e-06
      }
    ],
    "XLMUSDT": [
      {
        "ts": 1782067054,
        "rate": -5.4241e-06
      }
    ],
    "UNIUSDT": [
      {
        "ts": 1782067055,
        "rate": 1.25e-05
      }
    ],
    "LTCUSDT": [
      {
        "ts": 1782067056,
        "rate": 1.25e-05
      }
    ],
    "APTUSDT": [
      {
        "ts": 1782067056,
        "rate": 1.25e-05
      }
    ],
    "PENDLEUSDT": [
      {
        "ts": 1782067057,
        "rate": 1.25e-05
      }
    ]
  },
  "signal_cooldowns": {},
  "last_signal_outcome": {},
  "failed_breakouts": {},
  "active_signals": [],
  "resolved_signals": []
}