{
  "_version": 3,
  "oi_history": {
    "BTCUSDT": [
      {
        "ts": 1781871611,
        "oi": 1887480131.61856
      }
    ],
    "ETHUSDT": [
      {
        "ts": 1781871611,
        "oi": 1261856149.8487988
      }
    ],
    "HYPEUSDT": [
      {
        "ts": 1781871611,
        "oi": 1357864558.6175995
      }
    ],
    "ZECUSDT": [
      {
        "ts": 1781871611,
        "oi": 172525229.41679996
      }
    ],
    "NEARUSDT": [
      {
        "ts": 1781871611,
        "oi": 75543061.90336001
      }
    ],
    "ONDOUSDT": [
      {
        "ts": 1781871611,
        "oi": 9297404.932179999
      }
    ],
    "SUIUSDT": [
      {
        "ts": 1781871611,
        "oi": 31244021.01803201
      }
    ],
    "PENGUUSDT": [
      {
        "ts": 1781871611,
        "oi": 3225653.7741839997
      }
    ],
    "BNBUSDT": [
      {
        "ts": 1781871611,
        "oi": 23860984.673520003
      }
    ],
    "SOLUSDT": [
      {
        "ts": 1781871611,
        "oi": 272736677.0046599
      }
    ],
    "TRXUSDT": [
      {
        "ts": 1781871611,
        "oi": 17253659.59312
      }
    ],
    "BCHUSDT": [
      {
        "ts": 1781871611,
        "oi": 8880685.817
      }
    ],
    "DOGEUSDT": [
      {
        "ts": 1781871611,
        "oi": 21591349.363056
      }
    ],
    "ADAUSDT": [
      {
        "ts": 1781871612,
        "oi": 21844808.4679
      }
    ],
    "DOTUSDT": [
      {
        "ts": 1781871612,
        "oi": 3811196.530799999
      }
    ],
    "TAOUSDT": [
      {
        "ts": 1781871612,
        "oi": 20579647.480920002
      }
    ],
    "AVAXUSDT": [
      {
        "ts": 1781871612,
        "oi": 21469132.901791994
      }
    ],
    "LINKUSDT": [
      {
        "ts": 1781871612,
        "oi": 31916426.755159993
      }
    ],
    "AAVEUSDT": [
      {
        "ts": 1781871612,
        "oi": 47816495.24686
      }
    ],
    "XRPUSDT": [
      {
        "ts": 1781871612,
        "oi": 85424775.5116
      }
    ],
    "XLMUSDT": [
      {
        "ts": 1781871612,
        "oi": 10507988.6756
      }
    ],
    "UNIUSDT": [
      {
        "ts": 1781871612,
        "oi": 11209665.881520001
      }
    ],
    "LTCUSDT": [
      {
        "ts": 1781871612,
        "oi": 20749665.694760002
      }
    ],
    "APTUSDT": [
      {
        "ts": 1781871612,
        "oi": 4410703.880631999
      }
    ],
    "PENDLEUSDT": [
      {
        "ts": 1781871612,
        "oi": 6855421.9248
      }
    ]
  },
  "signal_history": [
    {
      "id": "DOGEUSDT_1781871612",
      "symbol": "DOGEUSDT",
      "direction": "short",
      "signal_type": "PULL",
      "score": 6,
      "alignment_mode": "full",
      "funding_rate": 5.4922e-06,
      "atr_pct": 0.2864879101513745,
      "oi_change_pct": null,
      "result": null,
      "sent": true,
      "timestamp": 1781871612
    }
  ],
  "macro_calendar_cache": {
    "fetched_at": 1781871611,
    "events": []
  },
  "post_loss_cooldown": {},
  "atr_history": {
    "BTCUSDT": [
      {
        "ts": 1781871611,
        "atr_pct": 0.23892422334110663
      }
    ],
    "ETHUSDT": [
      {
        "ts": 1781871611,
        "atr_pct": 0.2765072056617672
      }
    ],
    "HYPEUSDT": [
      {
        "ts": 1781871611,
        "atr_pct": 0.8266429237276582
      }
    ],
    "ZECUSDT": [
      {
        "ts": 1781871611,
        "atr_pct": 0.712858395958001
      }
    ],
    "NEARUSDT": [
      {
        "ts": 1781871611,
        "atr_pct": 0.7428781055938053
      }
    ],
    "SUIUSDT": [
      {
        "ts": 1781871611,
        "atr_pct": 0.42257123455963236
      }
    ],
    "ONDOUSDT": [
      {
        "ts": 1781871611,
        "atr_pct": 0.6265883566363875
      }
    ],
    "PENGUUSDT": [
      {
        "ts": 1781871611,
        "atr_pct": 0.5256492049471178
      }
    ],
    "BNBUSDT": [
      {
        "ts": 1781871611,
        "atr_pct": 0.2551009408842138
      }
    ],
    "SOLUSDT": [
      {
        "ts": 1781871611,
        "atr_pct": 0.3860026918804719
      }
    ],
    "TRXUSDT": [
      {
        "ts": 1781871611,
        "atr_pct": 0.09456888073113635
      }
    ],
    "BCHUSDT": [
      {
        "ts": 1781871611,
        "atr_pct": 0.3664491456327936
      }
    ],
    "DOGEUSDT": [
      {
        "ts": 1781871611,
        "atr_pct": 0.2864879101513745
      }
    ],
    "ADAUSDT": [
      {
        "ts": 1781871612,
        "atr_pct": 0.4059153622824573
      }
    ],
    "TAOUSDT": [
      {
        "ts": 1781871612,
        "atr_pct": 0.5770225362060222
      }
    ],
    "AVAXUSDT": [
      {
        "ts": 1781871612,
        "atr_pct": 0.5280950941866069
      }
    ],
    "DOTUSDT": [
      {
        "ts": 1781871612,
        "atr_pct": 0.384506476744013
      }
    ],
    "LINKUSDT": [
      {
        "ts": 1781871612,
        "atr_pct": 0.33653165476912156
      }
    ],
    "AAVEUSDT": [
      {
        "ts": 1781871612,
        "atr_pct": 0.5156413625261421
      }
    ],
    "XLMUSDT": [
      {
        "ts": 1781871612,
        "atr_pct": 0.7560822828055788
      }
    ],
    "UNIUSDT": [
      {
        "ts": 1781871612,
        "atr_pct": 0.765135649081203
      }
    ],
    "XRPUSDT": [
      {
        "ts": 1781871612,
        "atr_pct": 0.34640949554605915
      }
    ],
    "APTUSDT": [
      {
        "ts": 1781871612,
        "atr_pct": 0.5110002336803463
      }
    ],
    "PENDLEUSDT": [
      {
        "ts": 1781871612,
        "atr_pct": 0.5472163244513941
      }
    ],
    "LTCUSDT": [
      {
        "ts": 1781871612,
        "atr_pct": 0.2778660505815561
      }
    ]
  },
  "funding_history": {
    "BTCUSDT": [
      {
        "ts": 1781871594,
        "rate": 1.01502e-05
      }
    ],
    "ETHUSDT": [
      {
        "ts": 1781871594,
        "rate": 1.25e-05
      }
    ],
    "HYPEUSDT": [
      {
        "ts": 1781871595,
        "rate": 1.25e-05
      }
    ],
    "ZECUSDT": [
      {
        "ts": 1781871595,
        "rate": -8.3255e-06
      }
    ],
    "NEARUSDT": [
      {
        "ts": 1781871596,
        "rate": -8.63e-06
      }
    ],
    "ONDOUSDT": [
      {
        "ts": 1781871597,
        "rate": 1.25e-05
      }
    ],
    "SUIUSDT": [
      {
        "ts": 1781871598,
        "rate": -7.1009e-06
      }
    ],
    "PENGUUSDT": [
      {
        "ts": 1781871598,
        "rate": -3.31116e-05
      }
    ],
    "BNBUSDT": [
      {
        "ts": 1781871599,
        "rate": 1.25e-05
      }
    ],
    "SOLUSDT": [
      {
        "ts": 1781871600,
        "rate": 1.7756e-06
      }
    ],
    "TRXUSDT": [
      {
        "ts": 1781871600,
        "rate": 7.5472e-06
      }
    ],
    "BCHUSDT": [
      {
        "ts": 1781871601,
        "rate": -1.62802e-05
      }
    ],
    "DOGEUSDT": [
      {
        "ts": 1781871602,
        "rate": 5.4922e-06
      }
    ],
    "ADAUSDT": [
      {
        "ts": 1781871603,
        "rate": -7.18816e-05
      }
    ],
    "DOTUSDT": [
      {
        "ts": 1781871604,
        "rate": -3.37141e-05
      }
    ],
    "TAOUSDT": [
      {
        "ts": 1781871604,
        "rate": -3.4512e-06
      }
    ],
    "AVAXUSDT": [
      {
        "ts": 1781871605,
        "rate": 2.6498e-06
      }
    ],
    "LINKUSDT": [
      {
        "ts": 1781871606,
        "rate": 1.25e-05
      }
    ],
    "AAVEUSDT": [
      {
        "ts": 1781871607,
        "rate": 1.25e-05
      }
    ],
    "XRPUSDT": [
      {
        "ts": 1781871607,
        "rate": 1.0392e-05
      }
    ],
    "XLMUSDT": [
      {
        "ts": 1781871609,
        "rate": -3.53656e-05
      }
    ],
    "UNIUSDT": [
      {
        "ts": 1781871609,
        "rate": 1.25e-05
      }
    ],
    "LTCUSDT": [
      {
        "ts": 1781871610,
        "rate": 1.25e-05
      }
    ],
    "APTUSDT": [
      {
        "ts": 1781871611,
        "rate": -8.1152e-06
      }
    ],
    "PENDLEUSDT": [
      {
        "ts": 1781871611,
        "rate": 1.25e-05
      }
    ]
  },