{
  "_version": 4,
  "oi_history": {
    "BTCUSDT": [
      {
        "ts": 1782288665,
        "oi": 2076020339.4013999
      }
    ],
    "ETHUSDT": [
      {
        "ts": 1782288665,
        "oi": 1280046563.16
      }
    ],
    "HYPEUSDT": [
      {
        "ts": 1782288665,
        "oi": 1244659817.6863196
      }
    ],
    "ZECUSDT": [
      {
        "ts": 1782288665,
        "oi": 171018871.017
      }
    ],
    "NEARUSDT": [
      {
        "ts": 1782288665,
        "oi": 68837050.9616
      }
    ],
    "ONDOUSDT": [
      {
        "ts": 1782288665,
        "oi": 6432215.84044
      }
    ],
    "SUIUSDT": [
      {
        "ts": 1782288665,
        "oi": 40203363.390608005
      }
    ],
    "PENGUUSDT": [
      {
        "ts": 1782288665,
        "oi": 3455913.028832
      }
    ],
    "BNBUSDT": [
      {
        "ts": 1782288665,
        "oi": 24307741.15002
      }
    ],
    "SOLUSDT": [
      {
        "ts": 1782288665,
        "oi": 359650503.22682005
      }
    ],
    "TRXUSDT": [
      {
        "ts": 1782288665,
        "oi": 16063882.45272
      }
    ],
    "BCHUSDT": [
      {
        "ts": 1782288665,
        "oi": 10168570.0585
      }
    ],
    "DOGEUSDT": [
      {
        "ts": 1782288665,
        "oi": 20643484.872660004
      }
    ],
    "ADAUSDT": [
      {
        "ts": 1782288665,
        "oi": 24318100.75046
      }
    ],
    "DOTUSDT": [
      {
        "ts": 1782288665,
        "oi": 4133214.7283199998
      }
    ],
    "TAOUSDT": [
      {
        "ts": 1782288665,
        "oi": 20953389.421639998
      }
    ],
    "AVAXUSDT": [
      {
        "ts": 1782288665,
        "oi": 18908202.77408
      }
    ],
    "LINKUSDT": [
      {
        "ts": 1782288665,
        "oi": 30231294.90816
      }
    ],
    "AAVEUSDT": [
      {
        "ts": 1782288665,
        "oi": 47364368.81946
      }
    ],
    "XRPUSDT": [
      {
        "ts": 1782288665,
        "oi": 123838406.532
      }
    ],
    "XLMUSDT": [
      {
        "ts": 1782288665,
        "oi": 7602143.84976
      }
    ],
    "UNIUSDT": [
      {
        "ts": 1782288665,
        "oi": 10288054.6769
      }
    ],
    "LTCUSDT": [
      {
        "ts": 1782288665,
        "oi": 12712116.04236
      }
    ],
    "APTUSDT": [
      {
        "ts": 1782288665,
        "oi": 4401144.95048
      }
    ],
    "PENDLEUSDT": [
      {
        "ts": 1782288665,
        "oi": 6334009.39
      }
    ]
  },
  "signal_history": [
    {
      "id": "AVAXUSDT_1782288666",
      "symbol": "AVAXUSDT",
      "direction": "short",
      "signal_type": "PULL",
      "score": 5,
      "alignment_mode": "pullback",
      "funding_rate": -2.10214e-05,
      "atr_pct": 0.46393119434843255,
      "oi_change_pct": null,
      "result": null,
      "sent": true,
      "timestamp": 1782288666,
      "liquidity_bonus": 0,
      "liquidity_score": 0,
      "structure_score": 0
    }
  ],
  "macro_calendar_cache": {
    "fetched_at": 1782288665,
    "events": []
  },
  "post_loss_cooldown": {},
  "atr_history": {
    "BTCUSDT": [
      {
        "ts": 1782288665,
        "atr_pct": 0.22037338344609944
      }
    ],
    "ETHUSDT": [
      {
        "ts": 1782288665,
        "atr_pct": 0.282577626418779
      }
    ],
    "HYPEUSDT": [
      {
        "ts": 1782288665,
        "atr_pct": 0.7070214796789152
      }
    ],
    "ZECUSDT": [
      {
        "ts": 1782288665,
        "atr_pct": 0.6067332401696977
      }
    ],
    "ONDOUSDT": [
      {
        "ts": 1782288665,
        "atr_pct": 0.43889552032836043
      }
    ],
    "SUIUSDT": [
      {
        "ts": 1782288665,
        "atr_pct": 0.42941414859481286
      }
    ],
    "NEARUSDT": [
      {
        "ts": 1782288665,
        "atr_pct": 0.48304586272318717
      }
    ],
    "BNBUSDT": [
      {
        "ts": 1782288665,
        "atr_pct": 0.23107539968742108
      }
    ],
    "PENGUUSDT": [
      {
        "ts": 1782288665,
        "atr_pct": 0.3876386347202762
      }
    ],
    "SOLUSDT": [
      {
        "ts": 1782288665,
        "atr_pct": 0.37649092196948
      }
    ],
    "TRXUSDT": [
      {
        "ts": 1782288665,
        "atr_pct": 0.07735261832588998
      }
    ],
    "BCHUSDT": [
      {
        "ts": 1782288665,
        "atr_pct": 0.36722425732139563
      }
    ],
    "DOGEUSDT": [
      {
        "ts": 1782288665,
        "atr_pct": 0.27450536463717246
      }
    ],
    "ADAUSDT": [
      {
        "ts": 1782288665,
        "atr_pct": 0.41466707947712556
      }
    ],
    "DOTUSDT": [
      {
        "ts": 1782288665,
        "atr_pct": 0.30740208935576036
      }
    ],
    "TAOUSDT": [
      {
        "ts": 1782288665,
        "atr_pct": 0.5667207750857444
      }
    ],
    "AVAXUSDT": [
      {
        "ts": 1782288665,
        "atr_pct": 0.46393119434843255
      }
    ],
    "LINKUSDT": [
      {
        "ts": 1782288665,
        "atr_pct": 0.3243426765019061
      }
    ],
    "AAVEUSDT": [
      {
        "ts": 1782288665,
        "atr_pct": 0.4301100829844272
      }
    ],
    "XRPUSDT": [
      {
        "ts": 1782288665,
        "atr_pct": 0.25801256135947565
      }
    ],
    "XLMUSDT": [
      {
        "ts": 1782288665,
        "atr_pct": 0.4071123143805801
      }
    ],
    "UNIUSDT": [
      {
        "ts": 1782288665,
        "atr_pct": 0.3544258746050028
      }
    ],
    "LTCUSDT": [
      {
        "ts": 1782288665,
        "atr_pct": 0.2589502163349955
      }
    ],
    "APTUSDT": [
      {
        "ts": 1782288665,
        "atr_pct": 0.4008579711023989
      }
    ],
    "PENDLEUSDT": [
      {
        "ts": 1782288665,
        "atr_pct": 0.39321713645631384
      }
    ]
  },
  "funding_history": {
    "BTCUSDT": [
      {
        "ts": 1782288648,
        "rate": -2.1537e-06
      }
    ],
    "ETHUSDT": [
      {
        "ts": 1782288649,
        "rate": -5.1169e-06
      }
    ],
    "HYPEUSDT": [
      {
        "ts": 1782288650,
        "rate": 1.25e-05
      }
    ],
    "ZECUSDT": [
      {
        "ts": 1782288650,
        "rate": 1.25e-05
      }
    ],
    "NEARUSDT": [
      {
        "ts": 1782288651,
        "rate": 1.25e-05
      }
    ],
    "ONDOUSDT": [
      {
        "ts": 1782288652,
        "rate": 3.595e-07
      }
    ],
    "SUIUSDT": [
      {
        "ts": 1782288653,
        "rate": 1.25e-05
      }
    ],
    "PENGUUSDT": [
      {
        "ts": 1782288653,
        "rate": -5.6575e-06
      }
    ],
    "BNBUSDT": [
      {
        "ts": 1782288654,
        "rate": 1.25e-05
      }
    ],
    "SOLUSDT": [
      {
        "ts": 1782288655,
        "rate": -2.26738e-05
      }
    ],
    "TRXUSDT": [
      {
        "ts": 1782288656,
        "rate": -1.84861e-05
      }
    ],
    "BCHUSDT": [
      {
        "ts": 1782288656,
        "rate": -6.2053e-06
      }
    ],
    "ADAUSDT": [
      {
        "ts": 1782288657,
        "rate": -4.65911e-05
      }
    ],
    "DOGEUSDT": [
      {
        "ts": 1782288657,
        "rate": -8.935e-07
      }
    ],
    "DOTUSDT": [
      {
        "ts": 1782288659,
        "rate": -2.49429e-05
      }
    ],
    "TAOUSDT": [
      {
        "ts": 1782288659,
        "rate": 1.25e-05
      }
    ],
    "AVAXUSDT": [
      {
        "ts": 1782288660,
        "rate": -2.10214e-05
      }
    ],
    "LINKUSDT": [
      {
        "ts": 1782288660,
        "rate": 1.25e-05
      }
    ],
    "AAVEUSDT": [
      {
        "ts": 1782288662,
        "rate": 1.25e-05
      }
    ],
    "XRPUSDT": [
      {
        "ts": 1782288662,
        "rate": 1.0743e-05
      }
    ],
    "XLMUSDT": [
      {
        "ts": 1782288663,
        "rate": 1.1314e-05
      }
    ],
    "UNIUSDT": [
      {
        "ts": 1782288664,
        "rate": 1.25e-05
      }
    ],
    "LTCUSDT": [
      {
        "ts": 1782288664,
        "rate": 1.25e-05
      }
    ],
    "APTUSDT": [
      {
        "ts": 1782288665,
        "rate": 1.25e-05
      }
    ],
    "PENDLEUSDT": [
      {
        "ts": 1782288665,