{
  "_version": 4,
  "oi_history": {
    "BTCUSDT": [
      {
        "ts": 1782029433,
        "oi": 1899852302.36432
      }
    ],
    "ETHUSDT": [
      {
        "ts": 1782029433,
        "oi": 1340595472.0522003
      }
    ],
    "HYPEUSDT": [
      {
        "ts": 1782029433,
        "oi": 1411665279.3323205
      }
    ],
    "ZECUSDT": [
      {
        "ts": 1782029433,
        "oi": 205206369.256
      }
    ],
    "NEARUSDT": [
      {
        "ts": 1782029433,
        "oi": 86367699.99352002
      }
    ],
    "ONDOUSDT": [
      {
        "ts": 1782029433,
        "oi": 9035416.84528
      }
    ],
    "SUIUSDT": [
      {
        "ts": 1782029433,
        "oi": 31062222.357850004
      }
    ],
    "PENGUUSDT": [
      {
        "ts": 1782029433,
        "oi": 3628132.592016
      }
    ],
    "BNBUSDT": [
      {
        "ts": 1782029433,
        "oi": 24249000.808480002
      }
    ],
    "SOLUSDT": [
      {
        "ts": 1782029433,
        "oi": 345155170.01940006
      }
    ],
    "TRXUSDT": [
      {
        "ts": 1782029433,
        "oi": 15520624.38486
      }
    ],
    "BCHUSDT": [
      {
        "ts": 1782029433,
        "oi": 9098032.540520001
      }
    ],
    "DOGEUSDT": [
      {
        "ts": 1782029433,
        "oi": 21871227.07354
      }
    ],
    "ADAUSDT": [
      {
        "ts": 1782029433,
        "oi": 22685298.81096
      }
    ],
    "DOTUSDT": [
      {
        "ts": 1782029433,
        "oi": 3936984.2015400003
      }
    ],
    "TAOUSDT": [
      {
        "ts": 1782029433,
        "oi": 25386537.9624
      }
    ],
    "AVAXUSDT": [
      {
        "ts": 1782029433,
        "oi": 22388539.224055998
      }
    ],
    "LINKUSDT": [
      {
        "ts": 1782029433,
        "oi": 32351604.022299998
      }
    ],
    "AAVEUSDT": [
      {
        "ts": 1782029433,
        "oi": 51640093.19164
      }
    ],
    "XRPUSDT": [
      {
        "ts": 1782029433,
        "oi": 85830647.33500001
      }
    ],
    "XLMUSDT": [
      {
        "ts": 1782029433,
        "oi": 9429370.38562
      }
    ],
    "UNIUSDT": [
      {
        "ts": 1782029433,
        "oi": 11917957.249119999
      }
    ],
    "LTCUSDT": [
      {
        "ts": 1782029433,
        "oi": 21493014.300640002
      }
    ],
    "APTUSDT": [
      {
        "ts": 1782029433,
        "oi": 4760357.0305200005
      }
    ],
    "PENDLEUSDT": [
      {
        "ts": 1782029433,
        "oi": 7225395.1868
      }
    ]
  },
  "signal_history": [],
  "macro_calendar_cache": {},
  "post_loss_cooldown": {},
  "atr_history": {
    "BTCUSDT": [
      {
        "ts": 1782029433,
        "atr_pct": 0.1329745308542688
      }
    ],
    "ETHUSDT": [
      {
        "ts": 1782029433,
        "atr_pct": 0.16153509319522585
      }
    ],
    "HYPEUSDT": [
      {
        "ts": 1782029433,
        "atr_pct": 0.5772211621668222
      }
    ],
    "ZECUSDT": [
      {
        "ts": 1782029433,
        "atr_pct": 0.5136080978173
      }
    ],
    "ONDOUSDT": [
      {
        "ts": 1782029433,
        "atr_pct": 0.41030328179055015
      }
    ],
    "NEARUSDT": [
      {
        "ts": 1782029433,
        "atr_pct": 0.7925486686299302
      }
    ],
    "PENGUUSDT": [
      {
        "ts": 1782029433,
        "atr_pct": 0.3784176121212635
      }
    ],
    "SUIUSDT": [
      {
        "ts": 1782029433,
        "atr_pct": 0.31610079441514805
      }
    ],
    "BNBUSDT": [
      {
        "ts": 1782029433,
        "atr_pct": 0.17080084555193062
      }
    ],
    "SOLUSDT": [
      {
        "ts": 1782029433,
        "atr_pct": 0.32009699965441213
      }
    ],
    "TRXUSDT": [
      {
        "ts": 1782029433,
        "atr_pct": 0.09752770900925181
      }
    ],
    "BCHUSDT": [
      {
        "ts": 1782029433,
        "atr_pct": 0.2316821926554941
      }
    ],
    "DOGEUSDT": [
      {
        "ts": 1782029433,
        "atr_pct": 0.1816456618523492
      }
    ],
    "ADAUSDT": [
      {
        "ts": 1782029433,
        "atr_pct": 0.30716004500331284
      }
    ],
    "DOTUSDT": [
      {
        "ts": 1782029433,
        "atr_pct": 0.3158691671709293
      }
    ],
    "TAOUSDT": [
      {
        "ts": 1782029433,
        "atr_pct": 0.7125629296572541
      }
    ],
    "AVAXUSDT": [
      {
        "ts": 1782029433,
        "atr_pct": 0.5218166302828088
      }
    ],
    "LINKUSDT": [
      {
        "ts": 1782029433,
        "atr_pct": 0.2284346216597536
      }
    ],
    "XRPUSDT": [
      {
        "ts": 1782029433,
        "atr_pct": 0.18010066502818559
      }
    ],
    "AAVEUSDT": [
      {
        "ts": 1782029433,
        "atr_pct": 0.43277463047043535
      }
    ],
    "UNIUSDT": [
      {
        "ts": 1782029433,
        "atr_pct": 0.4388564542698904
      }
    ],
    "XLMUSDT": [
      {
        "ts": 1782029433,
        "atr_pct": 0.4273918900892379
      }
    ],
    "APTUSDT": [
      {
        "ts": 1782029433,
        "atr_pct": 0.48786540252123634
      }
    ],
    "LTCUSDT": [
      {
        "ts": 1782029433,
        "atr_pct": 0.20787777883106157
      }
    ],
    "PENDLEUSDT": [
      {
        "ts": 1782029433,
        "atr_pct": 0.7761253697767909
      }
    ]
  },
  "funding_history": {
    "ETHUSDT": [
      {
        "ts": 1782029415,
        "rate": -6.712e-07
      }
    ],
    "BTCUSDT": [
      {
        "ts": 1782029415,
        "rate": -7.9357e-06
      }
    ],
    "HYPEUSDT": [
      {
        "ts": 1782029416,
        "rate": 9.3968e-06
      }
    ],
    "ZECUSDT": [
      {
        "ts": 1782029417,
        "rate": -4.689e-07
      }
    ],
    "NEARUSDT": [
      {
        "ts": 1782029418,
        "rate": 1.25e-05
      }
    ],
    "ONDOUSDT": [
      {
        "ts": 1782029418,
        "rate": 1.25e-05
      }
    ],
    "SUIUSDT": [
      {
        "ts": 1782029419,
        "rate": -4.0566e-06
      }
    ],
    "PENGUUSDT": [
      {
        "ts": 1782029420,
        "rate": 1.25e-05
      }
    ],
    "BNBUSDT": [
      {
        "ts": 1782029421,
        "rate": 1.25e-05
      }
    ],
    "SOLUSDT": [
      {
        "ts": 1782029421,
        "rate": 1.25e-05
      }
    ],
    "TRXUSDT": [
      {
        "ts": 1782029423,
        "rate": -2.5247e-06
      }
    ],
    "BCHUSDT": [
      {
        "ts": 1782029423,
        "rate": 1.25e-05
      }
    ],
    "DOGEUSDT": [
      {
        "ts": 1782029424,
        "rate": 2.6676e-06
      }
    ],
    "ADAUSDT": [
      {
        "ts": 1782029424,
        "rate": -1.7339e-05
      }
    ],
    "DOTUSDT": [
      {
        "ts": 1782029426,
        "rate": 4.195e-06
      }
    ],
    "TAOUSDT": [
      {
        "ts": 1782029426,
        "rate": 1.25e-05
      }
    ],
    "LINKUSDT": [
      {
        "ts": 1782029427,
        "rate": 1.25e-05
      }
    ],
    "AVAXUSDT": [
      {
        "ts": 1782029427,
        "rate": 5.068e-07
      }
    ],
    "AAVEUSDT": [
      {
        "ts": 1782029429,
        "rate": 1.25e-05
      }
    ],
    "XRPUSDT": [
      {
        "ts": 1782029429,
        "rate": -3.4177e-06
      }
    ],
    "XLMUSDT": [
      {
        "ts": 1782029430,
        "rate": -6.0708e-06
      }
    ],
    "UNIUSDT": [
      {
        "ts": 1782029431,
        "rate": 1.25e-05
      }
    ],
    "LTCUSDT": [
      {
        "ts": 1782029432,
        "rate": 1.25e-05
      }
    ],
    "APTUSDT": [
      {
        "ts": 1782029433,
        "rate": 1.25e-05
      }
    ],
    "PENDLEUSDT": [
      {
        "ts": 1782029433,
        "rate": 1.25e-05
      }
    ]
  },
  "signal_cooldowns": {},
  "last_signal_outcome": {},
  "failed_breakouts": {},
  "active_signals": [],
  "resolved_signals": [],
  "last_summary_ts": 1782029413.663514
}