{
  "_version": 4,
  "oi_history": {
    "BTCUSDT": [
      {
        "ts": 1782056207,
        "oi": 1919892449.6360002
      }
    ],
    "ETHUSDT": [
      {
        "ts": 1782056207,
        "oi": 1393815837.6506004
      }
    ],
    "HYPEUSDT": [
      {
        "ts": 1782056207,
        "oi": 1397488304.4225998
      }
    ],
    "ZECUSDT": [
      {
        "ts": 1782056207,
        "oi": 192561362.71100003
      }
    ],
    "NEARUSDT": [
      {
        "ts": 1782056208,
        "oi": 86586077.75999998
      }
    ],
    "ONDOUSDT": [
      {
        "ts": 1782056208,
        "oi": 9118981.4625
      }
    ],
    "SUIUSDT": [
      {
        "ts": 1782056208,
        "oi": 31144257.386222
      }
    ],
    "PENGUUSDT": [
      {
        "ts": 1782056208,
        "oi": 3672781.9359399998
      }
    ],
    "BNBUSDT": [
      {
        "ts": 1782056208,
        "oi": 24280134.48256
      }
    ],
    "SOLUSDT": [
      {
        "ts": 1782056208,
        "oi": 381162681.73280007
      }
    ],
    "TRXUSDT": [
      {
        "ts": 1782056208,
        "oi": 15471083.558699999
      }
    ],
    "BCHUSDT": [
      {
        "ts": 1782056208,
        "oi": 9077663.15732
      }
    ],
    "DOGEUSDT": [
      {
        "ts": 1782056208,
        "oi": 21847571.9226
      }
    ],
    "ADAUSDT": [
      {
        "ts": 1782056208,
        "oi": 22856321.73876
      }
    ],
    "DOTUSDT": [
      {
        "ts": 1782056208,
        "oi": 3971957.607598
      }
    ],
    "TAOUSDT": [
      {
        "ts": 1782056208,
        "oi": 25570924.79424
      }
    ],
    "AVAXUSDT": [
      {
        "ts": 1782056208,
        "oi": 22302319.739296
      }
    ],
    "LINKUSDT": [
      {
        "ts": 1782056208,
        "oi": 32464968.04816
      }
    ],
    "AAVEUSDT": [
      {
        "ts": 1782056208,
        "oi": 51427469.56424
      }
    ],
    "XRPUSDT": [
      {
        "ts": 1782056208,
        "oi": 84946789.1544
      }
    ],
    "XLMUSDT": [
      {
        "ts": 1782056208,
        "oi": 9607856.643000001
      }
    ],
    "UNIUSDT": [
      {
        "ts": 1782056208,
        "oi": 12656467.11296
      }
    ],
    "LTCUSDT": [
      {
        "ts": 1782056208,
        "oi": 21772881.235999998
      }
    ],
    "APTUSDT": [
      {
        "ts": 1782056208,
        "oi": 4735474.0944840005
      }
    ],
    "PENDLEUSDT": [
      {
        "ts": 1782056208,
        "oi": 7182564.507999999
      }
    ]
  },
  "signal_history": [],
  "macro_calendar_cache": {},
  "post_loss_cooldown": {},
  "atr_history": {
    "BTCUSDT": [
      {
        "ts": 1782056207,
        "atr_pct": 0.19014185394270125
      }
    ],
    "ETHUSDT": [
      {
        "ts": 1782056207,
        "atr_pct": 0.23062937250308432
      }
    ],
    "HYPEUSDT": [
      {
        "ts": 1782056207,
        "atr_pct": 0.5648615554653472
      }
    ],
    "ZECUSDT": [
      {
        "ts": 1782056208,
        "atr_pct": 0.6422526600524568
      }
    ],
    "NEARUSDT": [
      {
        "ts": 1782056208,
        "atr_pct": 0.7474343031604238
      }
    ],
    "ONDOUSDT": [
      {
        "ts": 1782056208,
        "atr_pct": 0.4662420807985981
      }
    ],
    "PENGUUSDT": [
      {
        "ts": 1782056208,
        "atr_pct": 0.49997077010418234
      }
    ],
    "SUIUSDT": [
      {
        "ts": 1782056208,
        "atr_pct": 0.362699393221179
      }
    ],
    "BNBUSDT": [
      {
        "ts": 1782056208,
        "atr_pct": 0.19473665034873877
      }
    ],
    "SOLUSDT": [
      {
        "ts": 1782056208,
        "atr_pct": 0.40794957307139057
      }
    ],
    "TRXUSDT": [
      {
        "ts": 1782056208,
        "atr_pct": 0.07658618521328914
      }
    ],
    "BCHUSDT": [
      {
        "ts": 1782056208,
        "atr_pct": 0.28693325032364286
      }
    ],
    "DOGEUSDT": [
      {
        "ts": 1782056208,
        "atr_pct": 0.19450128160287275
      }
    ],
    "ADAUSDT": [
      {
        "ts": 1782056208,
        "atr_pct": 0.3144365190579651
      }
    ],
    "DOTUSDT": [
      {
        "ts": 1782056208,
        "atr_pct": 0.305873156244355
      }
    ],
    "TAOUSDT": [
      {
        "ts": 1782056208,
        "atr_pct": 0.568127616391797
      }
    ],
    "AVAXUSDT": [
      {
        "ts": 1782056208,
        "atr_pct": 0.5019531755677228
      }
    ],
    "LINKUSDT": [
      {
        "ts": 1782056208,
        "atr_pct": 0.25495567272774405
      }
    ],
    "AAVEUSDT": [
      {
        "ts": 1782056208,
        "atr_pct": 0.41235437186821444
      }
    ],
    "XRPUSDT": [
      {
        "ts": 1782056208,
        "atr_pct": 0.24465425802073196
      }
    ],
    "XLMUSDT": [
      {
        "ts": 1782056208,
        "atr_pct": 0.6585193405086817
      }
    ],
    "UNIUSDT": [
      {
        "ts": 1782056208,
        "atr_pct": 0.5234614781955552
      }
    ],
    "LTCUSDT": [
      {
        "ts": 1782056208,
        "atr_pct": 0.28848458923791886
      }
    ],
    "APTUSDT": [
      {
        "ts": 1782056208,
        "atr_pct": 0.46366063099838806
      }
    ],
    "PENDLEUSDT": [
      {
        "ts": 1782056208,
        "atr_pct": 0.5099844309969088
      }
    ]
  },
  "funding_history": {
    "BTCUSDT": [
      {
        "ts": 1782056188,
        "rate": -5.574e-07
      }
    ],
    "ETHUSDT": [
      {
        "ts": 1782056188,
        "rate": 8.397e-07
      }
    ],
    "HYPEUSDT": [
      {
        "ts": 1782056190,
        "rate": -2.48363e-05
      }
    ],
    "ZECUSDT": [
      {
        "ts": 1782056190,
        "rate": -1.29791e-05
      }
    ],
    "NEARUSDT": [
      {
        "ts": 1782056191,
        "rate": 1.25e-05
      }
    ],
    "ONDOUSDT": [
      {
        "ts": 1782056192,
        "rate": 1.25e-05
      }
    ],
    "SUIUSDT": [
      {
        "ts": 1782056193,
        "rate": -5.6101e-06
      }
    ],
    "PENGUUSDT": [
      {
        "ts": 1782056193,
        "rate": 1.25e-05
      }
    ],
    "BNBUSDT": [
      {
        "ts": 1782056195,
        "rate": 1.25e-05
      }
    ],
    "SOLUSDT": [
      {
        "ts": 1782056195,
        "rate": 1.25e-05
      }
    ],
    "TRXUSDT": [
      {
        "ts": 1782056196,
        "rate": -4.9432e-06
      }
    ],
    "BCHUSDT": [
      {
        "ts": 1782056196,
        "rate": 3.584e-06
      }
    ],
    "DOGEUSDT": [
      {
        "ts": 1782056197,
        "rate": 9.767e-07
      }
    ],
    "ADAUSDT": [
      {
        "ts": 1782056198,
        "rate": -4.89288e-05
      }
    ],
    "DOTUSDT": [
      {
        "ts": 1782056199,
        "rate": 7.5276e-06
      }
    ],
    "TAOUSDT": [
      {
        "ts": 1782056200,
        "rate": 1.25e-05
      }
    ],
    "AVAXUSDT": [
      {
        "ts": 1782056200,
        "rate": -2.0385e-06
      }
    ],
    "LINKUSDT": [
      {
        "ts": 1782056202,
        "rate": 1.25e-05
      }
    ],
    "AAVEUSDT": [
      {
        "ts": 1782056202,
        "rate": 1.25e-05
      }
    ],
    "XRPUSDT": [
      {
        "ts": 1782056203,
        "rate": -1.0283e-06
      }
    ],
    "XLMUSDT": [
      {
        "ts": 1782056204,
        "rate": 1.25e-05
      }
    ],
    "UNIUSDT": [
      {
        "ts": 1782056205,
        "rate": 1.25e-05
      }
    ],
    "LTCUSDT": [
      {
        "ts": 1782056206,
        "rate": 1.25e-05
      }
    ],
    "APTUSDT": [
      {
        "ts": 1782056206,
        "rate": 1.25e-05
      }
    ],
    "PENDLEUSDT": [
      {
        "ts": 1782056207,
        "rate": 1.25e-05
      }
    ]
  },
  "signal_cooldowns": {},
  "last_signal_outcome": {},
  "failed_breakouts": {},
  "active_signals": [],
  "resolved_signals": [],
  "spread_history": {}
}