{
  "_version": 4,
  "oi_history": {
    "BTCUSDT": [
      {
        "ts": 1781877325,
        "oi": 1952148751.782
      }
    ],
    "ETHUSDT": [
      {
        "ts": 1781877325,
        "oi": 1309704156.9726598
      }
    ],
    "HYPEUSDT": [
      {
        "ts": 1781877325,
        "oi": 1406724643.66356
      }
    ],
    "ZECUSDT": [
      {
        "ts": 1781877325,
        "oi": 185437149.66480002
      }
    ],
    "NEARUSDT": [
      {
        "ts": 1781877325,
        "oi": 80205652.76064003
      }
    ],
    "ONDOUSDT": [
      {
        "ts": 1781877325,
        "oi": 9553515.44
      }
    ],
    "SUIUSDT": [
      {
        "ts": 1781877325,
        "oi": 32415242.084775995
      }
    ],
    "PENGUUSDT": [
      {
        "ts": 1781877325,
        "oi": 3232160.554806
      }
    ],
    "BNBUSDT": [
      {
        "ts": 1781877325,
        "oi": 24037747.3552
      }
    ],
    "SOLUSDT": [
      {
        "ts": 1781877325,
        "oi": 276275372.54636
      }
    ],
    "TRXUSDT": [
      {
        "ts": 1781877325,
        "oi": 16920596.93346
      }
    ],
    "BCHUSDT": [
      {
        "ts": 1781877325,
        "oi": 8885220.66744
      }
    ],
    "DOGEUSDT": [
      {
        "ts": 1781877325,
        "oi": 21938738.814168002
      }
    ],
    "ADAUSDT": [
      {
        "ts": 1781877325,
        "oi": 22239010.78962
      }
    ],
    "DOTUSDT": [
      {
        "ts": 1781877325,
        "oi": 3901815.10389
      }
    ],
    "TAOUSDT": [
      {
        "ts": 1781877325,
        "oi": 20514674.14092
      }
    ],
    "AVAXUSDT": [
      {
        "ts": 1781877325,
        "oi": 22108978.370864
      }
    ],
    "LINKUSDT": [
      {
        "ts": 1781877325,
        "oi": 32356013.483519997
      }
    ],
    "AAVEUSDT": [
      {
        "ts": 1781877325,
        "oi": 48734738.92222001
      }
    ],
    "XRPUSDT": [
      {
        "ts": 1781877325,
        "oi": 84812135.39999999
      }
    ],
    "XLMUSDT": [
      {
        "ts": 1781877325,
        "oi": 10150160.27024
      }
    ],
    "UNIUSDT": [
      {
        "ts": 1781877325,
        "oi": 11218049.15468
      }
    ],
    "LTCUSDT": [
      {
        "ts": 1781877325,
        "oi": 21005759.97324
      }
    ],
    "APTUSDT": [
      {
        "ts": 1781877325,
        "oi": 4505172.562
      }
    ],
    "PENDLEUSDT": [
      {
        "ts": 1781877325,
        "oi": 7015434.5484
      }
    ]
  },
  "signal_history": [],
  "macro_calendar_cache": {},
  "post_loss_cooldown": {},
  "atr_history": {
    "": [
      {
        "ts": 1781877325,
        "atr_pct": 0.3059685055744564
      },
      {
        "ts": 1781877325,
        "atr_pct": 0.3059685055744564
      },
      {
        "ts": 1781877325,
        "atr_pct": 0.3059685055744564
      },
      {
        "ts": 1781877325,
        "atr_pct": 0.3059685055744564
      },
      {
        "ts": 1781877325,
        "atr_pct": 0.3059685055744564
      },
      {
        "ts": 1781877325,
        "atr_pct": 0.3059685055744564
      },
      {
        "ts": 1781877325,
        "atr_pct": 0.3059685055744564
      },
      {
        "ts": 1781877325,
        "atr_pct": 0.3059685055744564
      },
      {
        "ts": 1781877325,
        "atr_pct": 0.3059685055744564
      },
      {
        "ts": 1781877325,
        "atr_pct": 0.3059685055744564
      },
      {
        "ts": 1781877325,
        "atr_pct": 0.3059685055744564
      },
      {
        "ts": 1781877325,
        "atr_pct": 0.3059685055744564
      },
      {
        "ts": 1781877325,
        "atr_pct": 0.3059685055744564
      },
      {
        "ts": 1781877325,
        "atr_pct": 0.3059685055744564
      },
      {
        "ts": 1781877325,
        "atr_pct": 0.3059685055744564
      },
      {
        "ts": 1781877325,
        "atr_pct": 0.3059685055744564
      },
      {
        "ts": 1781877325,
        "atr_pct": 0.3059685055744564
      },
      {
        "ts": 1781877325,
        "atr_pct": 0.3059685055744564
      },
      {
        "ts": 1781877325,
        "atr_pct": 0.3059685055744564
      },
      {
        "ts": 1781877325,
        "atr_pct": 0.3059685055744564
      },
      {
        "ts": 1781877325,
        "atr_pct": 0.3059685055744564
      },
      {
        "ts": 1781877325,
        "atr_pct": 0.3059685055744564
      },
      {
        "ts": 1781877325,
        "atr_pct": 0.3059685055744564
      },
      {
        "ts": 1781877325,
        "atr_pct": 0.3059685055744564
      },
      {
        "ts": 1781877325,
        "atr_pct": 0.3059685055744564
      }
    ]
  },
  "funding_history": {
    "BTCUSDT": [
      {
        "ts": 1781877307,
        "rate": 1.11708e-05
      }
    ],
    "ETHUSDT": [
      {
        "ts": 1781877307,
        "rate": 1.25e-05
      }
    ],
    "HYPEUSDT": [
      {
        "ts": 1781877309,
        "rate": 1.25e-05
      }
    ],
    "ZECUSDT": [
      {
        "ts": 1781877309,
        "rate": 1.25e-05
      }
    ],
    "NEARUSDT": [
      {
        "ts": 1781877310,
        "rate": 1.25e-05
      }
    ],
    "ONDOUSDT": [
      {
        "ts": 1781877311,
        "rate": 1.25e-05
      }
    ],
    "SUIUSDT": [
      {
        "ts": 1781877311,
        "rate": -1.35724e-05
      }
    ],
    "PENGUUSDT": [
      {
        "ts": 1781877313,
        "rate": 2.84e-07
      }
    ],
    "BNBUSDT": [
      {
        "ts": 1781877313,
        "rate": 5.0307e-06
      }
    ],
    "SOLUSDT": [
      {
        "ts": 1781877314,
        "rate": 3.064e-06
      }
    ],
    "TRXUSDT": [
      {
        "ts": 1781877315,
        "rate": 1.25e-05
      }
    ],
    "BCHUSDT": [
      {
        "ts": 1781877315,
        "rate": -1.5467e-06
      }
    ],
    "DOGEUSDT": [
      {
        "ts": 1781877316,
        "rate": 8.2844e-06
      }
    ],
    "ADAUSDT": [
      {
        "ts": 1781877317,
        "rate": -5.32947e-05
      }
    ],
    "DOTUSDT": [
      {
        "ts": 1781877318,
        "rate": -3.29631e-05
      }
    ],
    "TAOUSDT": [
      {
        "ts": 1781877318,
        "rate": 2.141e-06
      }
    ],
    "AVAXUSDT": [
      {
        "ts": 1781877319,
        "rate": 1.25e-05
      }
    ],
    "LINKUSDT": [
      {
        "ts": 1781877320,
        "rate": 1.25e-05
      }
    ],
    "AAVEUSDT": [
      {
        "ts": 1781877321,
        "rate": 1.25e-05
      }
    ],
    "XRPUSDT": [
      {
        "ts": 1781877322,
        "rate": 6.9741e-06
      }
    ],
    "XLMUSDT": [
      {
        "ts": 1781877322,
        "rate": -3.00678e-05
      }
    ],
    "UNIUSDT": [
      {
        "ts": 1781877323,
        "rate": 1.25e-05
      }
    ],
    "LTCUSDT": [
      {
        "ts": 1781877324,
        "rate": 1.25e-05
      }
    ],
    "APTUSDT": [
      {
        "ts": 1781877325,
        "rate": -8.8243e-06
      }
    ],
    "PENDLEUSDT": [
      {
        "ts": 1781877325,
        "rate": 1.25e-05
      }
    ]
  },
  "signal_cooldowns": {},
  "last_signal_outcome": {},
  "failed_breakouts": {},
  "active_signals": [],
  "resolved_signals": []
}