{
  "_version": 4,
  "oi_history": {
    "BTCUSDT": [
      {
        "ts": 1781890129,
        "oi": 1945196971.35904
      }
    ],
    "ETHUSDT": [
      {
        "ts": 1781890129,
        "oi": 1326918734.394239
      }
    ],
    "HYPEUSDT": [
      {
        "ts": 1781890129,
        "oi": 1437246027.1956797
      }
    ],
    "ZECUSDT": [
      {
        "ts": 1781890129,
        "oi": 192326381.84639993
      }
    ],
    "NEARUSDT": [
      {
        "ts": 1781890129,
        "oi": 80511805.31968
      }
    ],
    "ONDOUSDT": [
      {
        "ts": 1781890129,
        "oi": 9687482.97528
      }
    ],
    "SUIUSDT": [
      {
        "ts": 1781890129,
        "oi": 32016881.96431201
      }
    ],
    "PENGUUSDT": [
      {
        "ts": 1781890130,
        "oi": 3271927.933456
      }
    ],
    "BNBUSDT": [
      {
        "ts": 1781890130,
        "oi": 24247942.83344
      }
    ],
    "SOLUSDT": [
      {
        "ts": 1781890130,
        "oi": 272088748.3641601
      }
    ],
    "TRXUSDT": [
      {
        "ts": 1781890130,
        "oi": 16970436.9324
      }
    ],
    "BCHUSDT": [
      {
        "ts": 1781890130,
        "oi": 8940934.4942
      }
    ],
    "DOGEUSDT": [
      {
        "ts": 1781890130,
        "oi": 21842871.94412
      }
    ],
    "ADAUSDT": [
      {
        "ts": 1781890130,
        "oi": 22064601.48178
      }
    ],
    "DOTUSDT": [
      {
        "ts": 1781890130,
        "oi": 3822715.1344359997
      }
    ],
    "TAOUSDT": [
      {
        "ts": 1781890130,
        "oi": 19727015.9016
      }
    ],
    "AVAXUSDT": [
      {
        "ts": 1781890130,
        "oi": 21383064.212879997
      }
    ],
    "LINKUSDT": [
      {
        "ts": 1781890130,
        "oi": 32060693.02032
      }
    ],
    "AAVEUSDT": [
      {
        "ts": 1781890130,
        "oi": 48661612.42736
      }
    ],
    "XRPUSDT": [
      {
        "ts": 1781890130,
        "oi": 84019953.396
      }
    ],
    "XLMUSDT": [
      {
        "ts": 1781890130,
        "oi": 9992679.02136
      }
    ],
    "UNIUSDT": [
      {
        "ts": 1781890130,
        "oi": 10738545.7738
      }
    ],
    "LTCUSDT": [
      {
        "ts": 1781890130,
        "oi": 20880001.509400003
      }
    ],
    "APTUSDT": [
      {
        "ts": 1781890130,
        "oi": 4505773.109464
      }
    ],
    "PENDLEUSDT": [
      {
        "ts": 1781890130,
        "oi": 7007685.825
      }
    ]
  },
  "signal_history": [],
  "macro_calendar_cache": {},
  "post_loss_cooldown": {},
  "atr_history": {
    "": [
      {
        "ts": 1781890129,
        "atr_pct": 0.3173433934129296
      },
      {
        "ts": 1781890129,
        "atr_pct": 0.38603820343372564
      },
      {
        "ts": 1781890129,
        "atr_pct": 1.0416618907201363
      },
      {
        "ts": 1781890129,
        "atr_pct": 0.955633148401363
      },
      {
        "ts": 1781890129,
        "atr_pct": 0.702310552220633
      },
      {
        "ts": 1781890129,
        "atr_pct": 0.5091354649206113
      },
      {
        "ts": 1781890130,
        "atr_pct": 0.8443920516434956
      },
      {
        "ts": 1781890130,
        "atr_pct": 0.574201583838691
      },
      {
        "ts": 1781890130,
        "atr_pct": 0.2744369566153486
      },
      {
        "ts": 1781890130,
        "atr_pct": 0.4933089512590279
      },
      {
        "ts": 1781890130,
        "atr_pct": 0.13995434486151387
      },
      {
        "ts": 1781890130,
        "atr_pct": 0.4437556425143532
      },
      {
        "ts": 1781890130,
        "atr_pct": 0.30974937310048306
      },
      {
        "ts": 1781890130,
        "atr_pct": 0.453836851115049
      },
      {
        "ts": 1781890130,
        "atr_pct": 0.5096348192520926
      },
      {
        "ts": 1781890130,
        "atr_pct": 0.6899207096429972
      },
      {
        "ts": 1781890130,
        "atr_pct": 0.5840171070775875
      },
      {
        "ts": 1781890130,
        "atr_pct": 0.4090030853552276
      },
      {
        "ts": 1781890130,
        "atr_pct": 0.6228474062926201
      },
      {
        "ts": 1781890130,
        "atr_pct": 0.3612208696797878
      },
      {
        "ts": 1781890130,
        "atr_pct": 0.8102099778162799
      },
      {
        "ts": 1781890130,
        "atr_pct": 0.7963802338241763
      },
      {
        "ts": 1781890130,
        "atr_pct": 0.3392097675239687
      },
      {
        "ts": 1781890130,
        "atr_pct": 0.5853950997337896
      },
      {
        "ts": 1781890130,
        "atr_pct": 0.6862151703882212
      }
    ]
  },
  "funding_history": {
    "BTCUSDT": [
      {
        "ts": 1781890112,
        "rate": 8.0157e-06
      }
    ],
    "ETHUSDT": [
      {
        "ts": 1781890112,
        "rate": 1.25e-05
      }
    ],
    "ZECUSDT": [
      {
        "ts": 1781890114,
        "rate": 1.25e-05
      }
    ],
    "HYPEUSDT": [
      {
        "ts": 1781890114,
        "rate": 1.25e-05
      }
    ],
    "NEARUSDT": [
      {
        "ts": 1781890115,
        "rate": 1.25e-05
      }
    ],
    "ONDOUSDT": [
      {
        "ts": 1781890116,
        "rate": 1.25e-05
      }
    ],
    "SUIUSDT": [
      {
        "ts": 1781890116,
        "rate": -1.46585e-05
      }
    ],
    "PENGUUSDT": [
      {
        "ts": 1781890117,
        "rate": -1.5446e-06
      }
    ],
    "BNBUSDT": [
      {
        "ts": 1781890118,
        "rate": 6.8457e-06
      }
    ],
    "SOLUSDT": [
      {
        "ts": 1781890119,
        "rate": 1.2063e-06
      }
    ],
    "TRXUSDT": [
      {
        "ts": 1781890119,
        "rate": 1.25e-05
      }
    ],
    "BCHUSDT": [
      {
        "ts": 1781890120,
        "rate": 4.8931e-06
      }
    ],
    "DOGEUSDT": [
      {
        "ts": 1781890121,
        "rate": 1.06317e-05
      }
    ],
    "ADAUSDT": [
      {
        "ts": 1781890122,
        "rate": -3.60049e-05
      }
    ],
    "DOTUSDT": [
      {
        "ts": 1781890122,
        "rate": -7.8897e-06
      }
    ],
    "TAOUSDT": [
      {
        "ts": 1781890123,
        "rate": 1.25e-05
      }
    ],
    "AVAXUSDT": [
      {
        "ts": 1781890124,
        "rate": 1.4071e-06
      }
    ],
    "LINKUSDT": [
      {
        "ts": 1781890125,
        "rate": 7.6566e-06
      }
    ],
    "AAVEUSDT": [
      {
        "ts": 1781890125,
        "rate": 1.25e-05
      }
    ],
    "XRPUSDT": [
      {
        "ts": 1781890126,
        "rate": 8.954e-06
      }
    ],
    "XLMUSDT": [
      {
        "ts": 1781890127,
        "rate": -1.12014e-05
      }
    ],
    "UNIUSDT": [
      {
        "ts": 1781890128,
        "rate": 1.25e-05
      }
    ],
    "LTCUSDT": [
      {
        "ts": 1781890128,
        "rate": 1.25e-05
      }
    ],
    "PENDLEUSDT": [
      {
        "ts": 1781890129,
        "rate": 1.25e-05
      }
    ],
    "APTUSDT": [
      {
        "ts": 1781890129,
        "rate": 1.25e-05
      }
    ]
  },
  "signal_cooldowns": {},
  "last_signal_outcome": {},
  "failed_breakouts": {},
  "active_signals": [],
  "resolved_signals": []
}