{
  "_version": 4,
  "oi_history": {
    "BTCUSDT": [
      {
        "ts": 1782375342,
        "oi": 2019668983.3216
      }
    ],
    "ETHUSDT": [
      {
        "ts": 1782375342,
        "oi": 1120973112.5948398
      }
    ],
    "HYPEUSDT": [
      {
        "ts": 1782375342,
        "oi": 1300139082.9880002
      }
    ],
    "ZECUSDT": [
      {
        "ts": 1782375342,
        "oi": 175788860.94480002
      }
    ],
    "NEARUSDT": [
      {
        "ts": 1782375342,
        "oi": 66461158.21824001
      }
    ],
    "ONDOUSDT": [
      {
        "ts": 1782375342,
        "oi": 6665790.3378
      }
    ],
    "SUIUSDT": [
      {
        "ts": 1782375342,
        "oi": 30552363.039419997
      }
    ],
    "PENGUUSDT": [
      {
        "ts": 1782375342,
        "oi": 3435823.33101
      }
    ],
    "BNBUSDT": [
      {
        "ts": 1782375342,
        "oi": 24372960.108639996
      }
    ],
    "SOLUSDT": [
      {
        "ts": 1782375342,
        "oi": 350986327.0172
      }
    ],
    "TRXUSDT": [
      {
        "ts": 1782375342,
        "oi": 15575419.43358
      }
    ],
    "BCHUSDT": [
      {
        "ts": 1782375342,
        "oi": 11234672.375920001
      }
    ],
    "DOGEUSDT": [
      {
        "ts": 1782375342,
        "oi": 19176588.14385
      }
    ],
    "ADAUSDT": [
      {
        "ts": 1782375342,
        "oi": 26260181.2274
      }
    ],
    "DOTUSDT": [
      {
        "ts": 1782375342,
        "oi": 4583063.329806
      }
    ],
    "TAOUSDT": [
      {
        "ts": 1782375342,
        "oi": 21272610.2624
      }
    ],
    "AVAXUSDT": [
      {
        "ts": 1782375342,
        "oi": 17871955.57938
      }
    ],
    "LINKUSDT": [
      {
        "ts": 1782375342,
        "oi": 31866768.2806
      }
    ],
    "AAVEUSDT": [
      {
        "ts": 1782375342,
        "oi": 56855230.5964
      }
    ],
    "XRPUSDT": [
      {
        "ts": 1782375342,
        "oi": 119450810.70719999
      }
    ],
    "XLMUSDT": [
      {
        "ts": 1782375342,
        "oi": 6867367.3992
      }
    ],
    "UNIUSDT": [
      {
        "ts": 1782375342,
        "oi": 9559852.7934
      }
    ],
    "LTCUSDT": [
      {
        "ts": 1782375342,
        "oi": 11137382.356320001
      }
    ],
    "APTUSDT": [
      {
        "ts": 1782375342,
        "oi": 4278966.9796
      }
    ],
    "PENDLEUSDT": [
      {
        "ts": 1782375342,
        "oi": 5699462.3568
      }
    ]
  },
  "signal_history": [
    {
      "id": "UNIUSDT_1782375343",
      "symbol": "UNIUSDT",
      "direction": "short",
      "signal_type": "BREAK",
      "score": 4,
      "alignment_mode": "full",
      "funding_rate": 5.83e-08,
      "atr_pct": 0.6193668621639451,
      "oi_change_pct": null,
      "result": null,
      "sent": true,
      "timestamp": 1782375343,
      "liquidity_bonus": 0,
      "liquidity_score": 0,
      "structure_score": 0
    }
  ],
  "macro_calendar_cache": {
    "fetched_at": 1782375342,
    "events": []
  },
  "post_loss_cooldown": {},
  "atr_history": {
    "BTCUSDT": [
      {
        "ts": 1782375342,
        "atr_pct": 0.29031153624633366
      }
    ],
    "ETHUSDT": [
      {
        "ts": 1782375342,
        "atr_pct": 0.35845487376706786
      }
    ],
    "HYPEUSDT": [
      {
        "ts": 1782375342,
        "atr_pct": 0.6688902046724513
      }
    ],
    "ZECUSDT": [
      {
        "ts": 1782375342,
        "atr_pct": 0.5861509168859534
      }
    ],
    "ONDOUSDT": [
      {
        "ts": 1782375342,
        "atr_pct": 0.6364679908789779
      }
    ],
    "SUIUSDT": [
      {
        "ts": 1782375342,
        "atr_pct": 0.4691678261979389
      }
    ],
    "NEARUSDT": [
      {
        "ts": 1782375342,
        "atr_pct": 0.4682446250161348
      }
    ],
    "PENGUUSDT": [
      {
        "ts": 1782375342,
        "atr_pct": 0.4355458525831685
      }
    ],
    "BNBUSDT": [
      {
        "ts": 1782375342,
        "atr_pct": 0.25063777909514423
      }
    ],
    "SOLUSDT": [
      {
        "ts": 1782375342,
        "atr_pct": 0.4310212774612903
      }
    ],
    "TRXUSDT": [
      {
        "ts": 1782375342,
        "atr_pct": 0.12867380562185923
      }
    ],
    "BCHUSDT": [
      {
        "ts": 1782375342,
        "atr_pct": 0.3385580312195729
      }
    ],
    "DOGEUSDT": [
      {
        "ts": 1782375342,
        "atr_pct": 0.31163042730478835
      }
    ],
    "ADAUSDT": [
      {
        "ts": 1782375342,
        "atr_pct": 0.43952401061431723
      }
    ],
    "DOTUSDT": [
      {
        "ts": 1782375342,
        "atr_pct": 0.30679883888641774
      }
    ],
    "TAOUSDT": [
      {
        "ts": 1782375342,
        "atr_pct": 0.43878717295080555
      }
    ],
    "AVAXUSDT": [
      {
        "ts": 1782375342,
        "atr_pct": 0.577800454255195
      }
    ],
    "LINKUSDT": [
      {
        "ts": 1782375342,
        "atr_pct": 0.33422847323085586
      }
    ],
    "AAVEUSDT": [
      {
        "ts": 1782375342,
        "atr_pct": 1.1816330274523243
      }
    ],
    "XRPUSDT": [
      {
        "ts": 1782375342,
        "atr_pct": 0.2979774176468496
      }
    ],
    "XLMUSDT": [
      {
        "ts": 1782375342,
        "atr_pct": 0.39951814423587584
      }
    ],
    "UNIUSDT": [
      {
        "ts": 1782375342,
        "atr_pct": 0.6193668621639451
      }
    ],
    "LTCUSDT": [
      {
        "ts": 1782375342,
        "atr_pct": 0.3137140770322547
      }
    ],
    "APTUSDT": [
      {
        "ts": 1782375342,
        "atr_pct": 0.3957733453870321
      }
    ],
    "PENDLEUSDT": [
      {
        "ts": 1782375342,
        "atr_pct": 0.6104064575394204
      }
    ]
  },
  "funding_history": {
    "BTCUSDT": [
      {
        "ts": 1782375324,
        "rate": -6.9393e-06
      }
    ],
    "ETHUSDT": [
      {
        "ts": 1782375324,
        "rate": 3.6969e-06
      }
    ],
    "HYPEUSDT": [
      {
        "ts": 1782375325,
        "rate": 1.25e-05
      }
    ],
    "ZECUSDT": [
      {
        "ts": 1782375326,
        "rate": 1.25e-05
      }
    ],
    "NEARUSDT": [
      {
        "ts": 1782375327,
        "rate": 1.25e-05
      }
    ],
    "ONDOUSDT": [
      {
        "ts": 1782375327,
        "rate": 1.25e-05
      }
    ],
    "SUIUSDT": [
      {
        "ts": 1782375329,
        "rate": 1.25e-05
      }
    ],
    "PENGUUSDT": [
      {
        "ts": 1782375329,
        "rate": 1.21741e-05
      }
    ],
    "BNBUSDT": [
      {
        "ts": 1782375330,
        "rate": -4.4169e-06
      }
    ],
    "SOLUSDT": [
      {
        "ts": 1782375331,
        "rate": 3.6555e-06
      }
    ],
    "TRXUSDT": [
      {
        "ts": 1782375331,
        "rate": 1.25e-05
      }
    ],
    "BCHUSDT": [
      {
        "ts": 1782375332,
        "rate": 1.25e-05
      }
    ],
    "DOGEUSDT": [
      {
        "ts": 1782375333,
        "rate": 6.92e-06
      }
    ],
    "ADAUSDT": [
      {
        "ts": 1782375334,
        "rate": -9.663e-07
      }
    ],
    "DOTUSDT": [
      {
        "ts": 1782375334,
        "rate": 1.25e-05
      }
    ],
    "TAOUSDT": [
      {
        "ts": 1782375335,
        "rate": 1.25e-05
      }
    ],
    "AVAXUSDT": [
      {
        "ts": 1782375336,
        "rate": -3.9772e-06
      }
    ],
    "LINKUSDT": [
      {
        "ts": 1782375336,
        "rate": 1.25e-05
      }
    ],
    "AAVEUSDT": [
      {
        "ts": 1782375337,
        "rate": 4.5269e-06
      }
    ],
    "XRPUSDT": [
      {
        "ts": 1782375338,
        "rate": 1.25e-05
      }
    ],
    "XLMUSDT": [
      {
        "ts": 1782375339,
        "rate": 1.25e-05
      }
    ],
    "UNIUSDT": [
      {
        "ts": 1782375340,
        "rate": 5.83e-08
      }
    ],
    "LTCUSDT": [
      {
        "ts": 1782375341,
        "rate": 1.25e-05
      }
    ],
    "APTUSDT": [
      {
        "ts": 1782375341,
        "rate": 3.05e-06
      }
    ],
    "PENDLEUSDT": [
      {
        "ts": 1782375342,
        "rate": 1.25e-05
      }
    ]
  },