{
  "_version": 4,
  "oi_history": {
    "BTCUSDT": [
      {
        "ts": 1782461740,
        "oi": 1954807924.9785202
      }
    ],
    "ETHUSDT": [
      {
        "ts": 1782461740,
        "oi": 1122731141.0018404
      }
    ],
    "HYPEUSDT": [
      {
        "ts": 1782461740,
        "oi": 1299520422.9529598
      }
    ],
    "ZECUSDT": [
      {
        "ts": 1782461740,
        "oi": 175561119.74400002
      }
    ],
    "NEARUSDT": [
      {
        "ts": 1782461740,
        "oi": 58368973.94639999
      }
    ],
    "ONDOUSDT": [
      {
        "ts": 1782461740,
        "oi": 6663420.9078
      }
    ],
    "SUIUSDT": [
      {
        "ts": 1782461740,
        "oi": 31562714.240256
      }
    ],
    "PENGUUSDT": [
      {
        "ts": 1782461740,
        "oi": 3149647.75048
      }
    ],
    "BNBUSDT": [
      {
        "ts": 1782461740,
        "oi": 24592367.973660003
      }
    ],
    "SOLUSDT": [
      {
        "ts": 1782461740,
        "oi": 346903547.0572001
      }
    ],
    "TRXUSDT": [
      {
        "ts": 1782461740,
        "oi": 14577023.337
      }
    ],
    "BCHUSDT": [
      {
        "ts": 1782461740,
        "oi": 11197235.81672
      }
    ],
    "DOGEUSDT": [
      {
        "ts": 1782461740,
        "oi": 19675162.86332
      }
    ],
    "ADAUSDT": [
      {
        "ts": 1782461740,
        "oi": 27916021.18116
      }
    ],
    "DOTUSDT": [
      {
        "ts": 1782461740,
        "oi": 4388573.131272
      }
    ],
    "TAOUSDT": [
      {
        "ts": 1782461740,
        "oi": 19734554.70976
      }
    ],
    "AVAXUSDT": [
      {
        "ts": 1782461740,
        "oi": 17609652.377128
      }
    ],
    "LINKUSDT": [
      {
        "ts": 1782461740,
        "oi": 30694117.128560003
      }
    ],
    "AAVEUSDT": [
      {
        "ts": 1782461740,
        "oi": 65451984.61176001
      }
    ],
    "XRPUSDT": [
      {
        "ts": 1782461740,
        "oi": 74026658.5828
      }
    ],
    "XLMUSDT": [
      {
        "ts": 1782461740,
        "oi": 6187325.0241600005
      }
    ],
    "UNIUSDT": [
      {
        "ts": 1782461740,
        "oi": 9490189.54926
      }
    ],
    "LTCUSDT": [
      {
        "ts": 1782461740,
        "oi": 10924755.918019999
      }
    ],
    "APTUSDT": [
      {
        "ts": 1782461740,
        "oi": 4091239.503624
      }
    ],
    "PENDLEUSDT": [
      {
        "ts": 1782461740,
        "oi": 5791858.3296
      }
    ]
  },
  "signal_history": [],
  "macro_calendar_cache": {},
  "post_loss_cooldown": {},
  "atr_history": {
    "BTCUSDT": [
      {
        "ts": 1782461740,
        "atr_pct": 0.47292227202644876
      }
    ],
    "ETHUSDT": [
      {
        "ts": 1782461740,
        "atr_pct": 0.5764621589418125
      }
    ],
    "HYPEUSDT": [
      {
        "ts": 1782461740,
        "atr_pct": 1.0950440756930866
      }
    ],
    "ZECUSDT": [
      {
        "ts": 1782461740,
        "atr_pct": 0.8822918621060151
      }
    ],
    "ONDOUSDT": [
      {
        "ts": 1782461740,
        "atr_pct": 0.7163783901377873
      }
    ],
    "NEARUSDT": [
      {
        "ts": 1782461740,
        "atr_pct": 0.9265153966550312
      }
    ],
    "SUIUSDT": [
      {
        "ts": 1782461740,
        "atr_pct": 0.6423984976997751
      }
    ],
    "PENGUUSDT": [
      {
        "ts": 1782461740,
        "atr_pct": 0.7428449348101436
      }
    ],
    "BNBUSDT": [
      {
        "ts": 1782461740,
        "atr_pct": 0.4271960624679215
      }
    ],
    "TRXUSDT": [
      {
        "ts": 1782461740,
        "atr_pct": 0.14335070260735056
      }
    ],
    "SOLUSDT": [
      {
        "ts": 1782461740,
        "atr_pct": 0.7889363982649602
      }
    ],
    "DOGEUSDT": [
      {
        "ts": 1782461740,
        "atr_pct": 0.5961142704437238
      }
    ],
    "BCHUSDT": [
      {
        "ts": 1782461740,
        "atr_pct": 0.653546633293586
      }
    ],
    "ADAUSDT": [
      {
        "ts": 1782461740,
        "atr_pct": 0.7094654485057006
      }
    ],
    "DOTUSDT": [
      {
        "ts": 1782461740,
        "atr_pct": 0.595084702190116
      }
    ],
    "TAOUSDT": [
      {
        "ts": 1782461740,
        "atr_pct": 0.6844477479143777
      }
    ],
    "AVAXUSDT": [
      {
        "ts": 1782461740,
        "atr_pct": 0.7135372971540828
      }
    ],
    "AAVEUSDT": [
      {
        "ts": 1782461740,
        "atr_pct": 1.285751425312798
      }
    ],
    "LINKUSDT": [
      {
        "ts": 1782461740,
        "atr_pct": 0.526776911024732
      }
    ],
    "XRPUSDT": [
      {
        "ts": 1782461740,
        "atr_pct": 0.5292434656982246
      }
    ],
    "UNIUSDT": [
      {
        "ts": 1782461740,
        "atr_pct": 0.7161836614389474
      }
    ],
    "XLMUSDT": [
      {
        "ts": 1782461740,
        "atr_pct": 0.6081920789284708
      }
    ],
    "APTUSDT": [
      {
        "ts": 1782461740,
        "atr_pct": 0.6986966917323563
      }
    ],
    "PENDLEUSDT": [
      {
        "ts": 1782461740,
        "atr_pct": 0.652250613262736
      }
    ],
    "LTCUSDT": [
      {
        "ts": 1782461740,
        "atr_pct": 0.46923610287634293
      }
    ]
  },
  "funding_history": {
    "BTCUSDT": [
      {
        "ts": 1782461721,
        "rate": -1.59327e-05
      }
    ],
    "ETHUSDT": [
      {
        "ts": 1782461721,
        "rate": -2.31226e-05
      }
    ],
    "HYPEUSDT": [
      {
        "ts": 1782461723,
        "rate": 1.25e-05
      }
    ],
    "ZECUSDT": [
      {
        "ts": 1782461723,
        "rate": 1.25e-05
      }
    ],
    "NEARUSDT": [
      {
        "ts": 1782461724,
        "rate": 1.25e-05
      }
    ],
    "ONDOUSDT": [
      {
        "ts": 1782461725,
        "rate": 1.25e-05
      }
    ],
    "SUIUSDT": [
      {
        "ts": 1782461726,
        "rate": 1.25e-05
      }
    ],
    "PENGUUSDT": [
      {
        "ts": 1782461726,
        "rate": -9.0096e-06
      }
    ],
    "BNBUSDT": [
      {
        "ts": 1782461727,
        "rate": 8.2968e-06
      }
    ],
    "SOLUSDT": [
      {
        "ts": 1782461728,
        "rate": 1.25e-05
      }
    ],
    "TRXUSDT": [
      {
        "ts": 1782461729,
        "rate": -1.14e-05
      }
    ],
    "BCHUSDT": [
      {
        "ts": 1782461729,
        "rate": 1.25e-05
      }
    ],
    "ADAUSDT": [
      {
        "ts": 1782461731,
        "rate": -3.03204e-05
      }
    ],
    "DOGEUSDT": [
      {
        "ts": 1782461731,
        "rate": 5.6472e-06
      }
    ],
    "DOTUSDT": [
      {
        "ts": 1782461732,
        "rate": -8.0689e-06
      }
    ],
    "TAOUSDT": [
      {
        "ts": 1782461732,
        "rate": 1.25e-05
      }
    ],
    "AVAXUSDT": [
      {
        "ts": 1782461734,
        "rate": 1.25e-05
      }
    ],
    "LINKUSDT": [
      {
        "ts": 1782461734,
        "rate": -2.9572e-06
      }
    ],
    "AAVEUSDT": [
      {
        "ts": 1782461735,
        "rate": 1.25e-05
      }
    ],
    "XRPUSDT": [
      {
        "ts": 1782461736,
        "rate": 2.2235e-06
      }
    ],
    "XLMUSDT": [
      {
        "ts": 1782461737,
        "rate": 1.25e-05
      }
    ],
    "UNIUSDT": [
      {
        "ts": 1782461737,
        "rate": 1.25e-05
      }
    ],
    "LTCUSDT": [
      {
        "ts": 1782461738,
        "rate": 4.7413e-06
      }
    ],
    "APTUSDT": [
      {
        "ts": 1782461739,
        "rate": 1.25e-05
      }
    ],
    "PENDLEUSDT": [
      {
        "ts": 1782461740,
        "rate": 1.25e-05
      }
    ]
  },
  "signal_cooldowns": {},
  "last_signal_outcome": {},
  "failed_breakouts": {},
  "active_signals": [],
  "resolved_signals": []
}